jsonl	source
paper_results/rank_pruning/logs/rank_prune_fiqa_lsso_r32_s1.jsonl	runs/rank_pruning_main_seed1/rank_prune_fiqa_lsso_r32_s1.jsonl
paper_results/rank_pruning/logs/rank_prune_nfcorpus_lsso_r32_s1.jsonl	runs/rank_pruning_main_seed1/rank_prune_nfcorpus_lsso_r32_s1.jsonl
paper_results/rank_pruning/logs/rank_prune_scifact_lsso_r32_s1.jsonl	runs/rank_pruning_main_seed1/rank_prune_scifact_lsso_r32_s1.jsonl
paper_results/rank_pruning/logs/rank_prune_fiqa_lsso_r32_s2.jsonl	runs/rank_pruning_seeds23/rank_prune_fiqa_lsso_r32_s2.jsonl
paper_results/rank_pruning/logs/rank_prune_fiqa_lsso_r32_s3.jsonl	runs/rank_pruning_seeds23/rank_prune_fiqa_lsso_r32_s3.jsonl
paper_results/rank_pruning/logs/rank_prune_nfcorpus_lsso_r32_s2.jsonl	runs/rank_pruning_seeds23/rank_prune_nfcorpus_lsso_r32_s2.jsonl
paper_results/rank_pruning/logs/rank_prune_nfcorpus_lsso_r32_s3.jsonl	runs/rank_pruning_seeds23/rank_prune_nfcorpus_lsso_r32_s3.jsonl
paper_results/rank_pruning/logs/rank_prune_scifact_lsso_r32_s2.jsonl	runs/rank_pruning_seeds23/rank_prune_scifact_lsso_r32_s2.jsonl
paper_results/rank_pruning/logs/rank_prune_scifact_lsso_r32_s3.jsonl	runs/rank_pruning_seeds23/rank_prune_scifact_lsso_r32_s3.jsonl
