length,layer,metric,count,min,p01,p10,median,p90,p99,max
1024,1,q,384,0.8747418522834778,0.8747418522834778,0.8809138536453247,0.8976244926452637,0.9061017036437988,0.9086789488792419,0.9086789488792419
1024,1,contraction_slack,384,0.09132105112075806,0.09132105112075806,0.09389829635620117,0.10237550735473633,0.11908614635467529,0.12525814771652222,0.12525814771652222
1024,1,mu,384,1.213493846317574,1.219641264075377,1.2520660285422904,1.356287069100797,1.4870794887141747,1.6221580736234045,1.6280726791672016
1024,1,state_ratio,384,0.37467933767776296,0.3807111575879675,0.41568094928237176,0.44857914707775604,0.4938949667513788,0.5022419973834154,0.5042654756269669
1024,1,adjoint_ratio,384,0.4812069295892402,0.48274123605316743,0.49061290080751396,0.4978221708790044,0.5042780824737124,0.5094993219630839,0.510834153027459
1024,1,state_bound_usage,384,0.4596104826903166,0.4681181285134555,0.546966862714226,0.6198401282197992,0.725920304458501,0.8088564367251008,0.8169474337667356
1024,1,adjoint_bound_usage,384,0.5984192042874387,0.6029284109368438,0.6266233559436889,0.6738095200608727,0.7352269821463425,0.8133885650391742,0.820164966161231
1024,2,q,384,0.8750050067901611,0.8750050067901611,0.8802845478057861,0.8891700506210327,0.8945820331573486,0.8958367109298706,0.8958367109298706
1024,2,contraction_slack,384,0.1041632890701294,0.1041632890701294,0.10541796684265137,0.11082994937896729,0.11971545219421387,0.12499499320983887,0.12499499320983887
1024,2,mu,384,1.221052977079047,1.224827976965609,1.293482593409059,1.3938306772570597,1.4910095009375164,1.6455599308771953,1.648343354714924
1024,2,state_ratio,384,0.48767716126982397,0.4924548547690928,0.5077540428107801,0.5624047069553426,0.599780830347756,0.6273450505059719,0.6382405931695713
1024,2,adjoint_ratio,384,0.49366292225394015,0.4967088393856916,0.49937912149391306,0.5042205546559142,0.5076762113966673,0.5110530774651214,0.5138668789905801
1024,2,state_bound_usage,384,0.662817625103281,0.6717101606723836,0.7150225014167075,0.784985014768906,0.8327838561135709,0.8561817680870364,0.8604357526992675
1024,2,adjoint_bound_usage,384,0.612690641246799,0.6153722222265418,0.6537516284982161,0.7041812931080209,0.7499822440739675,0.8200921049053682,0.822017074752045
1024,3,q,384,0.8773477673530579,0.8773477673530579,0.8843401670455933,0.8901233673095703,0.8951756358146667,0.9000760316848755,0.9000760316848755
1024,3,contraction_slack,384,0.09992396831512451,0.09992396831512451,0.10482436418533325,0.10987663269042969,0.11565983295440674,0.12265223264694214,0.12265223264694214
1024,3,mu,384,1.1803660474128865,1.1862651352450162,1.2154645134024928,1.3827516467075838,1.4950274154348795,1.543221887074019,1.5476117737279615
1024,3,state_ratio,384,0.4816142482340253,0.48948546402838283,0.5301538163962415,0.5727643231184143,0.6408909238319608,0.6479671699312881,0.6559983363150219
1024,3,adjoint_ratio,384,0.49582896647264596,0.498039275410057,0.5014931067872114,0.5054693848419398,0.5100718356156432,0.5141864661946729,0.5154302208659555
1024,3,state_bound_usage,384,0.5907856121369486,0.607411363365642,0.6964503262074813,0.8116961860976215,0.8473983635136425,0.8621062897133043,0.8650580486421205
1024,3,adjoint_bound_usage,384,0.5929878957129991,0.5979808878299852,0.6206099459129678,0.6964684936482402,0.7509770118407412,0.7775919919802514,0.7843503816401376
1024,4,q,384,0.8828477263450623,0.8828477263450623,0.8863855004310608,0.8913772702217102,0.8972045183181763,0.8991700410842896,0.8991700410842896
1024,4,contraction_slack,384,0.10082995891571045,0.10082995891571045,0.10279548168182373,0.1086227297782898,0.11361449956893921,0.11715227365493774,0.11715227365493774
1024,4,mu,384,1.169843734346835,1.1782171995174209,1.2206978340063297,1.3696406009807587,1.4890768346211287,1.5482604825010737,1.555051061605155
1024,4,state_ratio,384,0.4325210709932148,0.43609861344455053,0.4892531773134368,0.5550491789829323,0.6038202323229236,0.6546340263490972,0.6616041160994535
1024,4,adjoint_ratio,384,0.4971392416582648,0.49787053673764403,0.5006457621878413,0.505112793893849,0.5102909060613562,0.5150840851770512,0.518697399121435
1024,4,state_bound_usage,384,0.5693364558940244,0.5726085680767437,0.6726133293450591,0.7747818439968476,0.8358398456966718,0.8559099377142746,0.8591922346957349
1024,4,adjoint_bound_usage,384,0.5909368498893545,0.6008821590348482,0.6175995988959849,0.6931840344196584,0.7472654143478479,0.7785655602927727,0.7851712974502512
1024,5,q,384,0.8868122100830078,0.8868122100830078,0.8875082731246948,0.8911207616329193,0.8946085572242737,0.8959724307060242,0.8959724307060242
1024,5,contraction_slack,384,0.10402756929397583,0.10402756929397583,0.10539144277572632,0.10887923836708069,0.11249172687530518,0.11318778991699219,0.11318778991699219
1024,5,mu,384,1.1811635783364787,1.184042464749284,1.264746710750421,1.3764322765375676,1.4877617745509177,1.5917804033829608,1.5938776574935838
1024,5,state_ratio,384,0.44936136374945546,0.45408163013205305,0.49104613057258817,0.5450319594356491,0.6352698693401623,0.657865863303939,0.6625840206374037
1024,5,adjoint_ratio,384,0.49602264571983834,0.49749607986745337,0.5004814984005362,0.5054624299696671,0.5109167083377022,0.5145125045034772,0.5212193333333229
1024,5,state_bound_usage,384,0.6368131314758314,0.6394664723901187,0.6831792311386138,0.7755795748659056,0.8503223771936526,0.891137408666719,0.8945418516474903
1024,5,adjoint_bound_usage,384,0.5958887458651874,0.603109246220306,0.6447847074312026,0.6977137366592387,0.7470289048547303,0.8018192373903823,0.8079905828931186
1024,6,q,384,0.883212149143219,0.883212149143219,0.8889557123184204,0.8931784629821777,0.8978046178817749,0.9001852869987488,0.9001852869987488
1024,6,contraction_slack,384,0.09981471300125122,0.09981471300125122,0.1021953821182251,0.10682153701782227,0.11104428768157959,0.116787850856781,0.116787850856781
1024,6,mu,384,1.1770600275736438,1.1857926377138182,1.3143825514619232,1.4338210031986356,1.6478465585531243,1.7584477609739964,1.7616340319187065
1024,6,state_ratio,384,0.4825666520148674,0.4841246731299223,0.48917694167171066,0.548243765027677,0.6248287383103495,0.6480900381356516,0.6549611127956626
1024,6,adjoint_ratio,384,0.4958355239143035,0.49662167370199123,0.49976463298365964,0.5038967346368338,0.5092679585415271,0.5125421565940795,0.5150796203526355
1024,6,state_bound_usage,384,0.6891807441198738,0.6950641479338603,0.7262409676456711,0.8091168690701658,0.8678648723085992,0.8748075077711992,0.8797021999165542
1024,6,adjoint_bound_usage,384,0.5978914920520249,0.6045631834426652,0.6616707388733277,0.7228703158568546,0.8245610431024728,0.8807056719999599,0.8814054937813861
2048,1,q,384,0.8747418522834778,0.8747418522834778,0.8809138536453247,0.8976244926452637,0.9061017036437988,0.9086789488792419,0.9086789488792419
2048,1,contraction_slack,384,0.09132105112075806,0.09132105112075806,0.09389829635620117,0.10237550735473633,0.11908614635467529,0.12525814771652222,0.12525814771652222
2048,1,mu,384,1.2255946996718146,1.2321326048321872,1.3014620161194337,1.3884757386062434,1.525492724621897,1.6339569591132423,1.6419024970299883
2048,1,state_ratio,384,0.35254839477016514,0.3579325863782725,0.401822339173357,0.43333435134221343,0.4829868534074103,0.4997409267111577,0.5012425154831364
2048,1,adjoint_ratio,384,0.4819382939138493,0.48295112253043665,0.4901520412312944,0.49709033298901645,0.5038151064816754,0.5076410514835354,0.5112602196250119
2048,1,state_bound_usage,384,0.4380967153172571,0.4453236901502491,0.5314151448487969,0.6153650906205786,0.7284272220888024,0.813082502825859,0.8206525468744345
2048,1,adjoint_bound_usage,384,0.6027318376426573,0.6128115021910713,0.6497369758164013,0.6932855378335969,0.7549862673422773,0.8192595893811485,0.824496291421959
2048,2,q,384,0.8750050067901611,0.8750050067901611,0.8802845478057861,0.8891700506210327,0.8945820331573486,0.8958367109298706,0.8958367109298706
2048,2,contraction_slack,384,0.1041632890701294,0.1041632890701294,0.10541796684265137,0.11082994937896729,0.11971545219421387,0.12499499320983887,0.12499499320983887
2048,2,mu,384,1.2123940873660182,1.2201726216856206,1.312894903536874,1.4443203536849607,1.5955123082573022,1.6360666131804926,1.6498369902943324
2048,2,state_ratio,384,0.5063042943066536,0.5103974801647405,0.5212751424219971,0.5560667783381206,0.6478562913199557,0.7099656776563208,0.7127488203111128
2048,2,adjoint_ratio,384,0.4941556224700963,0.4953302992928973,0.49868356635609706,0.502849883211905,0.5073988771816293,0.5117995604081902,0.5132050056849431
2048,2,state_bound_usage,384,0.7146247166113032,0.7179261921587564,0.7821294883053941,0.8390848214078503,0.8887064722887205,0.9139934606109927,0.9156470044155849
2048,2,adjoint_bound_usage,384,0.6111060962079052,0.6152851003480226,0.6656457156519867,0.7267343889280069,0.7968279778782322,0.8168417879067434,0.824573503798554
2048,3,q,384,0.8773477673530579,0.8773477673530579,0.8843401670455933,0.8901233673095703,0.8951756358146667,0.9000760316848755,0.9000760316848755
2048,3,contraction_slack,384,0.09992396831512451,0.09992396831512451,0.10482436418533325,0.10987663269042969,0.11565983295440674,0.12265223264694214,0.12265223264694214
2048,3,mu,384,1.1666835118512837,1.1734698005517175,1.2333601334718673,1.4083849631047214,1.544701583964042,1.6342904955220532,1.6395727673967588
2048,3,state_ratio,384,0.5036979946294747,0.5092973441514014,0.5307419090156491,0.6076341680460655,0.6606102528532385,0.7279088575358501,0.7320207214686838
2048,3,adjoint_ratio,384,0.4939367998620331,0.497613154658525,0.5005862245354671,0.5044774488917492,0.509241101457205,0.5134043257691036,0.5152430851006405
2048,3,state_bound_usage,384,0.6671135377322416,0.6714102953370349,0.7658390944887936,0.8448265180883769,0.9036170057250934,0.9276301707158419,0.9329306329964498
2048,3,adjoint_bound_usage,384,0.5805956038509046,0.5941286252610088,0.61937187481822,0.7114861936432155,0.7785629149304008,0.8220745186198904,0.8261861022908445
2048,4,q,384,0.8828477263450623,0.8828477263450623,0.8863855004310608,0.8913772702217102,0.8972045183181763,0.8991700410842896,0.8991700410842896
2048,4,contraction_slack,384,0.10082995891571045,0.10082995891571045,0.10279548168182373,0.1086227297782898,0.11361449956893921,0.11715227365493774,0.11715227365493774
2048,4,mu,384,1.1921001901655381,1.1982434045486212,1.216026458678021,1.3607595864095745,1.53753880735372,1.617432575489875,1.6243177781755336
2048,4,state_ratio,384,0.5131054003344176,0.5164003171690782,0.5300247153150881,0.5799259564827335,0.670642042145076,0.7161474714495345,0.7186708641174321
2048,4,adjoint_ratio,384,0.4956731476154242,0.4973948060360285,0.5001179918809044,0.5044147601762123,0.5101014642789822,0.5141417363933123,0.5173083848593785
2048,4,state_bound_usage,384,0.6338164757036793,0.6430836497299109,0.7403909151714348,0.8236898751941136,0.8666896257787112,0.9119137009703133,0.9143298704655893
2048,4,adjoint_bound_usage,384,0.6009087192529938,0.6033904794999903,0.6159684077513915,0.6883219809812029,0.7746900363472528,0.8112563933940626,0.8159307779964977
2048,5,q,384,0.8868122100830078,0.8868122100830078,0.8875082731246948,0.8911207616329193,0.8946085572242737,0.8959724307060242,0.8959724307060242
2048,5,contraction_slack,384,0.10402756929397583,0.10402756929397583,0.10539144277572632,0.10887923836708069,0.11249172687530518,0.11318778991699219,0.11318778991699219
2048,5,mu,384,1.2341870699145987,1.2369433060069703,1.26505367844165,1.3830414308562582,1.514539431113061,1.5637851617195602,1.565971789374975
2048,5,state_ratio,384,0.5111825324769774,0.5139654400132033,0.5268505176631437,0.5751884016211776,0.6329465562690261,0.6912759554617034,0.6958883348677136
2048,5,adjoint_ratio,384,0.4957170846477338,0.4968726499677903,0.49996569496872295,0.5051321271902856,0.5102948756606422,0.5138855407238611,0.5147584204065413
2048,5,state_bound_usage,384,0.6902490565776321,0.6973448759998685,0.7221462696865302,0.826361507876274,0.8828756760261016,0.8911745562401374,0.8958950014871236
2048,5,adjoint_bound_usage,384,0.6214577643498915,0.6254614509710724,0.6405222157033368,0.6960331484028688,0.7616424270537435,0.7889111850041407,0.7943549082618758
2048,6,q,384,0.883212149143219,0.883212149143219,0.8889557123184204,0.8931784629821777,0.8978046178817749,0.9001852869987488,0.9001852869987488
2048,6,contraction_slack,384,0.09981471300125122,0.09981471300125122,0.1021953821182251,0.10682153701782227,0.11104428768157959,0.116787850856781,0.116787850856781
2048,6,mu,384,1.1967287625511138,1.2036624669340512,1.328244518727039,1.4198990603566937,1.5843355371337184,1.7142452777894188,1.7223182841124807
2048,6,state_ratio,384,0.47955094439691703,0.4835158027703544,0.49799960755821643,0.5869061003120376,0.6198686953341915,0.6381711662090039,0.6419760736829319
2048,6,adjoint_ratio,384,0.4947900340243616,0.49652614701414016,0.4996950409144772,0.5035888116598473,0.5083089537161409,0.5132671800311935,0.5159444593230439
2048,6,state_bound_usage,384,0.7321617926187415,0.738929828004158,0.7596224096962348,0.8374387392776641,0.8892234956553189,0.9057514261218156,0.9076204992994674
2048,6,adjoint_bound_usage,384,0.6087014777328335,0.6134806048571773,0.6672029504782163,0.7183078295356626,0.795086736140384,0.8569531174523792,0.8602643839817817
4096,1,q,384,0.8747418522834778,0.8747418522834778,0.8809138536453247,0.8976244926452637,0.9061017036437988,0.9086789488792419,0.9086789488792419
4096,1,contraction_slack,384,0.09132105112075806,0.09132105112075806,0.09389829635620117,0.10237550735473633,0.11908614635467529,0.12525814771652222,0.12525814771652222
4096,1,mu,384,1.1973436436044875,1.2085831003404075,1.3376030740366607,1.4179795903820107,1.5463024923572883,1.6452487752135534,1.64951489419335
4096,1,state_ratio,384,0.36493547809051,0.36862817112242513,0.38855555581926526,0.43035664033145116,0.4842172279338162,0.4957489673197774,0.49849311232438587
4096,1,adjoint_ratio,384,0.48100199208810446,0.48286799887235177,0.49017879325831765,0.49728402607556144,0.5030144707198856,0.5078582735524915,0.5108593731740654
4096,1,state_bound_usage,384,0.4383161439361611,0.4484465208988505,0.5339365285978012,0.6197505498239402,0.74260340270861,0.8116561703160413,0.8150825848109254
4096,1,adjoint_bound_usage,384,0.59489092946811,0.5982836499765253,0.6646367560290549,0.7056015196440917,0.7656818834688699,0.8235627341797355,0.8292842719520448
4096,2,q,384,0.8750050067901611,0.8750050067901611,0.8802845478057861,0.8891700506210327,0.8945820331573486,0.8958367109298706,0.8958367109298706
4096,2,contraction_slack,384,0.1041632890701294,0.1041632890701294,0.10541796684265137,0.11082994937896729,0.11971545219421387,0.12499499320983887,0.12499499320983887
4096,2,mu,384,1.2244960561969498,1.2269396736968194,1.3873101373012025,1.5178491175434274,1.6661543068366036,1.7008571987793295,1.7063688128829635
4096,2,state_ratio,384,0.45121600750851354,0.4541374041806587,0.4844597180781663,0.5315643696883401,0.5877070221445458,0.6940426838790411,0.699336332276313
4096,2,adjoint_ratio,384,0.4935428261532837,0.49489452133968587,0.4973343557886574,0.501018311858404,0.505790509073453,0.509386893265424,0.5126293311695588
4096,2,state_bound_usage,384,0.6474581436101224,0.6522826315301212,0.7371187093764191,0.8200525361463167,0.8673709726990819,0.892430175272708,0.8977437201785445
4096,2,adjoint_bound_usage,384,0.6146526711830276,0.6210040173566758,0.6994549095651662,0.7615083461433556,0.8310894284941304,0.853616967141011,0.8575440270604217
4096,3,q,384,0.8773477673530579,0.8773477673530579,0.8843401670455933,0.8901233673095703,0.8951756358146667,0.9000760316848755,0.9000760316848755
4096,3,contraction_slack,384,0.09992396831512451,0.09992396831512451,0.10482436418533325,0.10987663269042969,0.11565983295440674,0.12265223264694214,0.12265223264694214
4096,3,mu,384,1.189270606283783,1.1950883330144422,1.3221867983605444,1.4572150438055644,1.5534645722762095,1.6630053150935415,1.6665959280468794
4096,3,state_ratio,384,0.4343588552498418,0.43519417055534,0.46993015499906204,0.5280607724958373,0.6196729659548776,0.725113826344645,0.7300380894066456
4096,3,adjoint_ratio,384,0.4935507031437715,0.49595203570180946,0.4990662044889879,0.5025480782021999,0.5068308820908762,0.5100384015687316,0.5122958455219097
4096,3,state_bound_usage,384,0.6017528144816737,0.6032102253917616,0.6558465675072814,0.7803763685643095,0.8672263345462912,0.8904293555227956,0.8921195875500412
4096,3,adjoint_bound_usage,384,0.591961683569615,0.6011168029561237,0.6677298195242636,0.7322310076510856,0.7819103114115302,0.8367598213521635,0.8382673871272616
4096,4,q,384,0.8828477263450623,0.8828477263450623,0.8863855004310608,0.8913772702217102,0.8972045183181763,0.8991700410842896,0.8991700410842896
4096,4,contraction_slack,384,0.10082995891571045,0.10082995891571045,0.10279548168182373,0.1086227297782898,0.11361449956893921,0.11715227365493774,0.11715227365493774
4096,4,mu,384,1.2355965664659347,1.2367623508118513,1.2629357546585864,1.4584412367839577,1.6217985492793199,1.6331692486516154,1.6342194481352317
4096,4,state_ratio,384,0.46843011899098985,0.47031024950289,0.49264376101594315,0.531083607359776,0.5939575862409477,0.6118482749485725,0.6156732037819531
4096,4,adjoint_ratio,384,0.4943982698349594,0.4958445791849646,0.49864434779622596,0.5026491416749759,0.5074847109407072,0.5111657931072243,0.5129235676956965
4096,4,state_bound_usage,384,0.6646484835026609,0.6660167251052678,0.6834791040574789,0.7605686258350428,0.8479798112730642,0.8752484362446541,0.875575932244187
4096,4,adjoint_bound_usage,384,0.6133593248011054,0.6232469545113217,0.6359850739652954,0.732906510657293,0.8118226785200899,0.8185049702891339,0.8205940038301787
4096,5,q,384,0.8868122100830078,0.8868122100830078,0.8875082731246948,0.8911207616329193,0.8946085572242737,0.8959724307060242,0.8959724307060242
4096,5,contraction_slack,384,0.10402756929397583,0.10402756929397583,0.10539144277572632,0.10887923836708069,0.11249172687530518,0.11318778991699219,0.11318778991699219
4096,5,mu,384,1.2448052468226174,1.246705721799607,1.3204206770978733,1.4708172280561391,1.5610400868849459,1.6288442011732855,1.6331349149985828
4096,5,state_ratio,384,0.4667618642646801,0.46832728210528607,0.4760279251769098,0.5118625946663462,0.5787622758277534,0.5941815661645272,0.5976880639913185
4096,5,adjoint_ratio,384,0.4942644657370687,0.4958841245993736,0.49854326171819663,0.5029026274746959,0.5077084336739328,0.5109756452733186,0.5135992352667578
4096,5,state_bound_usage,384,0.6577041685202151,0.6608728323186959,0.6777985779708839,0.756767184998888,0.8473999179759636,0.8681157188084494,0.8710024283190506
4096,5,adjoint_bound_usage,384,0.621808057010076,0.6285829754151955,0.6674583677921059,0.7396002276785822,0.7859782352513623,0.8136614905710758,0.8167178479865167
4096,6,q,384,0.883212149143219,0.883212149143219,0.8889557123184204,0.8931784629821777,0.8978046178817749,0.9001852869987488,0.9001852869987488
4096,6,contraction_slack,384,0.09981471300125122,0.09981471300125122,0.1021953821182251,0.10682153701782227,0.11104428768157959,0.116787850856781,0.116787850856781
4096,6,mu,384,1.2274997769770466,1.230814878031272,1.3742181499685955,1.4540125223500273,1.6362266512891148,1.7284411137578486,1.73128245912042
4096,6,state_ratio,384,0.4544256215333493,0.4576548662610305,0.4748926145856451,0.539482386662211,0.6000309124802014,0.6156257831145395,0.6166113266021795
4096,6,adjoint_ratio,384,0.49342761542888286,0.4953445529812503,0.49867603384093495,0.502256616983499,0.5072794320093242,0.51253639047222,0.513409792106251
4096,6,state_bound_usage,384,0.6465177340525103,0.6507392420377862,0.6853380631720533,0.8051646877129883,0.8657551529953429,0.8850881625585675,0.8858919150925776
4096,6,adjoint_bound_usage,384,0.6247882336152935,0.6290795942541576,0.6914776276342642,0.7315764981358387,0.8193329108523421,0.8646224926562339,0.8678243695035741
8192,1,q,384,0.8747418522834778,0.8747418522834778,0.8809138536453247,0.8976244926452637,0.9061017036437988,0.9086789488792419,0.9086789488792419
8192,1,contraction_slack,384,0.09132105112075806,0.09132105112075806,0.09389829635620117,0.10237550735473633,0.11908614635467529,0.12525814771652222,0.12525814771652222
8192,1,mu,384,1.2651936096176175,1.2751240100267216,1.319312860900629,1.4160900719388587,1.5631236834194928,1.6495657060179851,1.6522911193843048
8192,1,state_ratio,384,0.35339477737837816,0.3585049358290321,0.39747278907894534,0.44749695528851285,0.5000119250664286,0.5303872834330463,0.5328528499230765
8192,1,adjoint_ratio,384,0.4822701356465953,0.4841155252879587,0.49077914374572684,0.4970918795968301,0.5028781410323662,0.5074578726671737,0.5095263742886386
8192,1,state_bound_usage,384,0.44932294991165167,0.45845224740462354,0.534080486016256,0.6394252549055515,0.750891407048562,0.8276410513768063,0.8300626629662476
8192,1,adjoint_bound_usage,384,0.6271529444832267,0.6336951984035932,0.6612821290639089,0.7069359235012732,0.7742795824619477,0.8259086419342825,0.8324034595657911
8192,2,q,384,0.8750050067901611,0.8750050067901611,0.8802845478057861,0.8891700506210327,0.8945820331573486,0.8958367109298706,0.8958367109298706
8192,2,contraction_slack,384,0.1041632890701294,0.1041632890701294,0.10541796684265137,0.11082994937896729,0.11971545219421387,0.12499499320983887,0.12499499320983887
8192,2,mu,384,1.3202930484522766,1.3267285034908505,1.4451911190738218,1.5690313748733042,1.6876095575877486,1.703565048548644,1.7070654945598078
8192,2,state_ratio,384,0.45777473769550914,0.463431695117399,0.4901001865366244,0.5203782736805055,0.5567801478795049,0.5926174671747473,0.5969795260525854
8192,2,adjoint_ratio,384,0.49262959890677677,0.49532100310238414,0.4974310701686827,0.5005568709657673,0.5041506433404007,0.5077181323595892,0.5097428833092746
8192,2,state_bound_usage,384,0.7159728582174122,0.7210534131116693,0.7708296181683666,0.8198597544596571,0.8728940664493083,0.8983897663377509,0.9051678986906344
8192,2,adjoint_bound_usage,384,0.6614948741815363,0.6657614704686573,0.7224587540973039,0.7830731700628966,0.8438299447975993,0.8573614221789944,0.8586514686405833
8192,3,q,384,0.8773477673530579,0.8773477673530579,0.8843401670455933,0.8901233673095703,0.8951756358146667,0.9000760316848755,0.9000760316848755
8192,3,contraction_slack,384,0.09992396831512451,0.09992396831512451,0.10482436418533325,0.10987663269042969,0.11565983295440674,0.12265223264694214,0.12265223264694214
8192,3,mu,384,1.3170498001408717,1.3226979148238358,1.3715118252372906,1.4886593790821587,1.6082436976719088,1.6917917728557366,1.6930331526855869
8192,3,state_ratio,384,0.4044574840566122,0.4064158570144478,0.5007578265758439,0.521281935276618,0.5613738114229069,0.6304113837100385,0.6333805702948063
8192,3,adjoint_ratio,384,0.493848516351184,0.495434253325421,0.49829575794710435,0.5019054515302419,0.5061113421006916,0.5095831830564237,0.5115824153486066
8192,3,state_bound_usage,384,0.5819059560452582,0.5848199822146605,0.7273216968188101,0.8007445714376269,0.8578104416960979,0.8815874063900121,0.8827221584570003
8192,3,adjoint_bound_usage,384,0.6605246439149153,0.6687108781504355,0.6941582359229238,0.7485748232970992,0.8077771097395069,0.8501362173768456,0.8518695860191364
8192,4,q,384,0.8828477263450623,0.8828477263450623,0.8863855004310608,0.8913772702217102,0.8972045183181763,0.8991700410842896,0.8991700410842896
8192,4,contraction_slack,384,0.10082995891571045,0.10082995891571045,0.10279548168182373,0.1086227297782898,0.11361449956893921,0.11715227365493774,0.11715227365493774
8192,4,mu,384,1.3056838439551703,1.3101302715607257,1.3512043875615785,1.4797147189176847,1.629434293408902,1.638176481798705,1.639432284354094
8192,4,state_ratio,384,0.44624493717722247,0.44844930771451647,0.4624733883426231,0.5279437829332005,0.5548727167919871,0.5832839085996417,0.5868167317101461
8192,4,adjoint_ratio,384,0.49179427456152613,0.49462069757795424,0.49850789197858775,0.5023019644635462,0.5065633097951228,0.5098469109731317,0.511324951339545
8192,4,state_bound_usage,384,0.6129828545083537,0.6168466676226936,0.7022715208624075,0.7628539064259889,0.8469607130395639,0.8533709782634085,0.8576513615214356
8192,4,adjoint_bound_usage,384,0.64914137434001,0.6597012211754586,0.6785937127539684,0.7440008487540267,0.8140730112195457,0.8255949454292553,0.8288072185499963
8192,5,q,384,0.8868122100830078,0.8868122100830078,0.8875082731246948,0.8911207616329193,0.8946085572242737,0.8959724307060242,0.8959724307060242
8192,5,contraction_slack,384,0.10402756929397583,0.10402756929397583,0.10539144277572632,0.10887923836708069,0.11249172687530518,0.11318778991699219,0.11318778991699219
8192,5,mu,384,1.3029660156177385,1.3042292591678337,1.3991978696759688,1.478256054789469,1.608722343706593,1.619452835767026,1.6216798314896834
8192,5,state_ratio,384,0.50581365506768,0.5067769277684293,0.5101502499004318,0.526439027262996,0.5534118525088632,0.570087465782794,0.5708763535607236
8192,5,adjoint_ratio,384,0.4953291429607912,0.49583873620848257,0.4986399833200082,0.5027626391988369,0.5074005863494789,0.5109569084915844,0.5148612940630596
8192,5,state_bound_usage,384,0.6788957155018429,0.6813711943755633,0.7253246234845268,0.7925983025890764,0.840702634394025,0.8649393765765793,0.8669653165414781
8192,5,adjoint_bound_usage,384,0.6521083310128503,0.6563046458507876,0.7036292811003183,0.7434747305375231,0.8052889410839339,0.8155370312621756,0.8191067411416981
8192,6,q,384,0.883212149143219,0.883212149143219,0.8889557123184204,0.8931784629821777,0.8978046178817749,0.9001852869987488,0.9001852869987488
8192,6,contraction_slack,384,0.09981471300125122,0.09981471300125122,0.1021953821182251,0.10682153701782227,0.11104428768157959,0.116787850856781,0.116787850856781
8192,6,mu,384,1.3617993654521519,1.366830553018757,1.4081428317478648,1.4812537371042251,1.6125889984315962,1.6953504737151757,1.6963469681084216
8192,6,state_ratio,384,0.4549206461594412,0.4563551516385648,0.4745156016199407,0.5177084175675175,0.5583103189360771,0.5745949029464146,0.5758318292657121
8192,6,adjoint_ratio,384,0.49285650612455795,0.49486373706298037,0.4984646348922674,0.501824309313988,0.5054677953517273,0.5089127890149618,0.5108443825849256
8192,6,state_bound_usage,384,0.620236142358089,0.6237529209775019,0.7113206391964602,0.7861756387332396,0.8431076598893567,0.8571151147958618,0.8581525867671775
8192,6,adjoint_bound_usage,384,0.6901144042595664,0.6909303630662168,0.7075537489717827,0.7432788146702349,0.8080631875784046,0.8491996160851293,0.8499365225756748

